{"cameraMode":{"drawMode":0,"name":"Shaded","section":"Shading Mode"},"sceneLighting":true,"audioPlay":false,"sceneViewState":{"showFog":true,"showMaterialUpdate":true,"showSkybox":false,"showFlares":true,"showImageEffects":true,"showParticleSystems":true},"in2DMode":false,"pivot":{"x":1.2790000438690186,"y":3.2809998989105226,"z":-0.9749999642372131},"rotation":{"x":-0.16637839376926423,"y":0.6043026447296143,"z":-0.13089483976364137,"w":-0.768118679523468},"size":3.03320050239563,"orthographic":false}